,Data,link
8,13/03/24 Срд 20:22:38,https://2ch.hk/b/src/301656648/17103505594770.mp4
11,13/03/24 Срд 20:19:59,https://2ch.hk/b/src/301656529/17103504004280.mp4
12,13/03/24 Срд 20:16:10,https://2ch.hk/b/src/301656374/17103501718810.mp4
14,13/03/24 Срд 19:57:08,https://2ch.hk/b/src/301655620/17103490291680.mp4
31,13/03/24 Срд 19:30:51,https://2ch.hk/b/src/301654503/17103474522770.mp4
26,13/03/24 Срд 19:28:59,https://2ch.hk/b/src/301654404/17103473402070.mp4
27,13/03/24 Срд 19:15:46,https://2ch.hk/b/src/301653847/17103465472400.mp4
23,13/03/24 Срд 19:00:48,https://2ch.hk/b/src/301653239/17103456489320.mp4
10,13/03/24 Срд 18:56:03,https://2ch.hk/b/src/301653056/17103453649590.mp4
33,13/03/24 Срд 18:54:38,https://2ch.hk/b/src/301652998/17103452797520.mp4
2,13/03/24 Срд 18:48:05,https://2ch.hk/b/src/301652715/17103448859070.mp4
13,13/03/24 Срд 18:40:49,https://2ch.hk/b/src/301652389/17103444508660.mp4
18,13/03/24 Срд 18:37:13,https://2ch.hk/b/src/301652244/17103442343400.mp4
25,13/03/24 Срд 18:27:31,https://2ch.hk/b/src/301651838/17103436528550.mp4
4,13/03/24 Срд 18:10:41,https://2ch.hk/b/src/301651194/17103426425460.mp4
16,13/03/24 Срд 18:09:57,https://2ch.hk/b/src/301651164/17103425982630.mp4
32,13/03/24 Срд 17:30:46,https://2ch.hk/b/src/301649517/17103402476110.mp4
19,13/03/24 Срд 17:30:10,https://2ch.hk/b/src/301649488/17103402115190.mp4
3,13/03/24 Срд 17:13:26,https://2ch.hk/b/src/301648793/17103392077410.mp4
28,13/03/24 Срд 16:46:42,https://2ch.hk/b/src/301647671/17103376030730.mp4
6,13/03/24 Срд 16:23:43,https://2ch.hk/b/src/301646652/17103362244930.webm
9,13/03/24 Срд 16:21:59,https://2ch.hk/b/src/301646584/17103361207630.mp4
0,13/03/24 Срд 16:15:33,https://2ch.hk/b/src/301646339/17103357346410.mp4
1,13/03/24 Срд 14:44:42,https://2ch.hk/b/src/301642734/17103302831280.mp4
35,13/03/24 Срд 14:09:24,https://2ch.hk/b/src/301641257/17103281651110.mp4
7,13/03/24 Срд 13:41:22,https://2ch.hk/b/src/301640125/17103264833060.mp4
22,13/03/24 Срд 13:23:38,https://2ch.hk/b/src/301639368/17103254191760.mp4
36,13/03/24 Срд 12:26:13,https://2ch.hk/b/src/301637078/17103219743530.mp4
5,13/03/24 Срд 09:44:42,https://2ch.hk/b/src/301631831/17103122835820.mp4
15,13/03/24 Срд 02:59:09,https://2ch.hk/b/src/301624987/17102879503200.mp4
21,12/03/24 Втр 23:50:15,https://2ch.hk/b/src/301620191/17102766162900.mp4
34,12/03/24 Втр 23:12:01,https://2ch.hk/b/src/301618509/17102743226710.mp4
30,12/03/24 Втр 22:45:26,https://2ch.hk/b/src/301617329/17102727273150.mp4
17,12/03/24 Втр 20:24:04,https://2ch.hk/b/src/301611309/17102642455700.mp4
29,12/03/24 Втр 15:37:30,https://2ch.hk/b/src/301597880/17102470514400.mp4
20,12/03/24 Втр 14:59:55,https://2ch.hk/b/src/301596180/17102447961860.mp4
24,12/03/24 Втр 00:46:51,https://2ch.hk/b/src/301566043/17101936128540.mp4
